postcode,latitude,longitude
E6 6HB,51.525404,0.061488
E16 3TQ,51.514989,0.039932
E16 4DS,51.518903,0.018515
E16 3RH,51.513327,0.035174
E7 9HT,51.542948,0.018122
E15 1PU,51.547064,0.001472
E15 3JP,51.534144,0.009759
E16 3RU,51.51389,0.036453
E15 4PU,51.535602,0.005987
E7 0JQ,51.552414,0.026633
E7 8LY,51.541582,0.036261
E12 5BB,51.55026,0.040903
E15 4AN,51.537625,0.011253
E12 5RN,51.550561,0.064327
E6 3SP,51.520374,0.052439
E6 5SS,51.514558,0.045072
E12 6DB,51.552154,0.054489
E16 3TF,51.515585,0.0398
E6 5RT,51.51276,0.051232
E7 8DW,51.544763,0.034311
E13 9LQ,51.527513,0.032851
E16 3LS,51.515317,0.035565
E15 4AF,51.542208,0.013575
E12 6EJ,51.550968,0.052921
E6 5SQ,51.513967,0.048
E12 6JD,51.546655,0.063963
E16 2AX,51.501973,0.024552
E16 3TE,51.515525,0.04121
E13 8LY,51.518551,0.026931
E6 1LN,51.5348,0.049267
E16 3NN,51.513147,0.026922
E16 1PJ,51.513841,0.018982
E7 9HR,51.542916,0.017356
E7 8LS,51.54355,0.03632
E12 6TZ,51.545975,0.047894
E12 6DU,51.551165,0.053478
E7 8HT,51.54219,0.031298
E7 8PX,51.538653,0.036116
E15 1JD,51.547793,0.004115
E16 4PG,51.523634,0.006442
E6 2NE,51.535841,0.060172
E7 8HY,51.541761,0.028034
E12 6DA,51.552396,0.055048
E13 0BX,51.529203,0.020455
E13 9DT,51.528002,0.028562
E7 8AN,51.546987,0.039358
E7 9PT,51.538083,0.022795
E6 3BN,51.530424,0.044428
E12 6HP,51.548336,0.062467
E13 8AN,51.524381,0.02471
E13 9JL,51.533743,0.032984
E16 4AB,51.517668,0.019253
E7 8DX,51.545248,0.039049
E13 9HW,51.53087,0.026498
E7 9HP,51.543687,0.019092
E12 6AX,51.548698,0.050526
E6 1EZ,51.536161,0.040792
E6 2DP,51.538365,0.05929
E7 9PP,51.540178,0.023883
E7 9AJ,51.546035,0.014826
E12 6BP,51.5526,0.050615
E7 0LX,51.554263,0.035139
E6 6HJ,51.523677,0.058959
E16 3TB,51.515859,0.041643
E6 1DY,51.535415,0.036678
E13 8QD,51.524161,0.028578
E6 2LG,51.535596,0.056657
E16 2RH,51.500561,0.070899
E13 9AD,51.53112,0.026062
E7 9BT,51.551247,0.017176
E7 9QD,51.53864,0.025473
E15 3HH,51.53317,0.013047
E6 3NQ,51.526192,0.047814
E7 8HF,51.542405,0.0396
E13 8NU,51.519762,0.029695
E12 6SD,51.540173,0.053113
E7 0HL,51.550429,0.021309
E6 3ET,51.526729,0.04073
E13 8PA,51.519419,0.028209
E16 4ED,51.517383,0.028969
E12 6UG,51.5466,0.043465
E16 3TL,51.513896,0.040719
E6 6DT,51.52769,0.059342
E15 3DQ,51.531666,0.007919
E15 4AL,51.538238,0.010674
E15 1RL,51.54875,0.014369
E15 4HJ,51.538343,0.010304
E13 9NT,51.527356,0.037284
E6 1HG,51.535869,0.044167
E7 8PD,51.539633,0.034587
E15 1JZ,51.549018,0.003433
E6 2PB,51.536318,0.063697
E13 0SG,51.53482,0.03159
E6 5JL,51.520265,0.048888
E13 0DS,51.528802,0.016069
E6 2HD,51.536556,0.056282
E15 3DY,51.53055,0.01061
E6 3LD,51.523676,0.043059
E7 8EW,51.543437,0.034541
E12 6DG,51.549461,0.056791
E15 1SP,51.550746,0.012813
E13 0AR,51.528746,0.025019
E6 3JN,51.526769,0.047205
E12 5NJ,51.550636,0.064633
E12 6SE,51.539877,0.053071
E7 9LU,51.543926,0.029183
E7 8ES,51.543653,0.039209
E15 3BD,51.532162,0.005231
E15 1SX,51.552328,0.011829
E7 9NQ,51.543195,0.024637
E12 6UQ,51.546819,0.046922
E15 3DS,51.532049,0.010805
E12 6EN,51.549188,0.05388
E7 0DL,51.554788,0.025094
E7 9DG,51.551917,0.016369
E6 2QB,51.533499,0.064435
E6 3HA,51.525094,0.041162
E6 1JR,51.536492,0.047627
E13 8PH,51.519444,0.030949
E7 9JX,51.543157,0.019544
E7 8PS,51.53936,0.037878
E12 6TJ,51.547088,0.048477
E12 6LB,51.54597,0.060456
E7 8EZ,51.542407,0.034827
E13 8SB,51.519568,0.033117
E12 5JX,51.554612,0.056374
E16 1JF,51.514642,0.01272
E15 4NS,51.546569,0.010984
E7 8QS,51.540267,0.041552
E16 3JB,51.511594,0.039708
E6 6NS,51.516045,0.065909
E16 4DF,51.517745,0.016359
E6 3AB,51.530669,0.053537
E6 3BG,51.530566,0.047101
E15 3PP,51.534617,0.014177
E6 6BL,51.529073,0.061971
E12 6RW,51.547142,0.050066
E15 4DN,51.540023,0.005677
E13 9DB,51.532992,0.036382
E6 3NN,51.525276,0.048767
E12 6TR,51.544739,0.043483
E12 5AX,51.551405,0.042281
E15 3ET,51.533626,0.012663
E6 3LN,51.525848,0.046385
E16 3TW,51.514156,0.041826
E13 8RY,51.520691,0.032129
E7 0PY,51.549555,0.037511
E16 4JR,51.521081,0.013767
E7 9QG,51.538586,0.028066
E6 5RY,51.514164,0.050099
E13 8PD,51.518369,0.030166
E13 8SE,51.518384,0.03194
E16 1NN,51.513141,0.022064
E7 8AB,51.5475,0.033611
E6 2HB,51.536778,0.055974
E12 6UD,51.545782,0.044005
E12 6RP,51.546873,0.050011
E12 6SF,51.540715,0.055517
E7 8BP,51.544965,0.028912
E6 3SR,51.520482,0.054996
E7 8HD,51.543063,0.0395
E15 1QU,51.549072,0.007114
E13 9BT,51.532163,0.03388
E7 0DP,51.554401,0.024067
E13 0DU,51.529297,0.017071
E16 3JR,51.513988,0.032883
E12 6JE,51.546608,0.0636
E15 4RX,51.538347,0.003267
E7 9LP,51.544392,0.027704
E16 3TA,51.516341,0.040785
E13 8ET,51.520871,0.017564
E15 3EY,51.534581,0.012042
E12 5JU,51.554797,0.057104
E6 2EZ,51.537264,0.0595
E12 6UF,51.546355,0.043627
E12 5NB,51.550787,0.065275
E15 4BA,51.539723,0.012701
E6 3NR,51.526182,0.054546
E6 3EZ,51.525323,0.041403
E6 1BW,51.536989,0.041304
E15 4AJ,51.538222,0.011063
E16 4NJ,51.52146,0.00897
E16 3NP,51.512404,0.026197
E16 3DZ,51.512792,0.033363
E6 3AG,51.531819,0.053588
E6 5XG,51.51694,0.056436
E12 6NA,51.545429,0.058542
E13 9QG,51.525948,0.039124
E6 3NW,51.525648,0.051134
E6 1JN,51.536967,0.047201
E7 0HG,51.551848,0.023477
E15 4AB,51.542476,0.015217
E15 3BW,51.528434,0.006595
E12 6EL,51.549151,0.053431
E15 3DD,51.532165,0.006629
E6 2DL,51.538121,0.05938
E7 0DD,51.552363,0.020255
E15 1LT,51.550515,0.004249
E6 3LY,51.527068,0.052711
E6 5SE,51.515254,0.050004
E13 8QW,51.523115,0.028748
E12 6AU,51.54861,0.050969
E7 0AX,51.55339,0.019074
E7 0PL,51.549263,0.032031
E6 5QU,51.512145,0.054995
E13 0RD,51.535402,0.028602
E13 8RX,51.521849,0.032815
E12 6DP,51.549819,0.05587
E13 0BJ,51.529867,0.026756
E12 6HN,51.549255,0.06134
E13 0DD,51.528426,0.019599
E12 6DH,51.550661,0.056081
E12 5AY,51.551137,0.042702
E13 0SH,51.536299,0.031858
E13 0BQ,51.529205,0.027101
E13 9DU,51.528543,0.02847
E13 8BA,51.527716,0.019077
E7 9QT,51.537922,0.027964
E16 3SZ,51.516479,0.039609
E13 8ER,51.520842,0.01406
E13 8PG,51.518488,0.030604
E16 2JE,51.501494,0.059818
E6 3NF,51.52642,0.050736
E15 1EA,51.551662,0.000809
E16 4NG,51.52062,0.00814
E7 9LA,51.544021,0.020578
E15 3PT,51.533877,0.014808
E6 5PG,51.509482,0.061749
E6 1BN,51.538174,0.045525
E7 0EX,51.552777,0.022841
E7 0HW,51.550134,0.021714
E12 5PF,51.55178,0.059939
E15 3AJ,51.524293,0.008402
E7 0JH,51.552145,0.026577
E7 9JZ,51.544992,0.020563
E6 1PE,51.53277,0.046537
E6 6AE,51.525715,0.062684
E6 6ET,51.53057,0.055608
E6 2BW,51.539878,0.061233
E7 0EU,51.552023,0.021711
E13 9NU,51.527109,0.037504
E16 4RF,51.520379,0.008
E13 9NL,51.524497,0.0341
E13 9LJ,51.526855,0.032965
E7 8LL,51.541794,0.032867
E7 8QJ,51.542755,0.042226
E12 5QH,51.55019,0.061382
E15 4BB,51.539106,0.014073
E15 3PR,51.536074,0.015208
E16 3EE,51.512823,0.024313
E12 6NB,51.5452,0.058258
E7 8AL,51.54655,0.040694
E12 6JS,51.5468,0.066998
E6 3HW,51.527996,0.052623
E6 5LQ,51.517585,0.052472
E13 0AG,51.530239,0.020861
E15 4DL,51.53991,0.006004
E7 8PH,51.540727,0.041443
E15 1HF,51.548334,0.008206
E16 3AA,51.51004,0.019362
E15 3QP,51.536025,0.017541
E6 1QE,51.531723,0.041574
E12 5QE,51.553632,0.060975
E6 5JR,51.518553,0.052141
E13 0QS,51.537341,0.030851
E6 5PZ,51.511578,0.055013
E13 0JU,51.533025,0.016774
E13 8HT,51.520525,0.020446
E12 6DR,51.549762,0.055507
E12 6NS,51.541194,0.052856
E7 8JX,51.54029,0.031415
E13 8QA,51.524736,0.025533
E12 6JW,51.54684,0.065745
E12 6NR,51.541497,0.052985
E7 0JP,51.554218,0.030521
E7 8BW,51.544719,0.029103
E13 9BL,51.531345,0.034391
E16 4AA,51.517858,0.017618
E16 4NB,51.520504,0.009663
E7 8DS,51.544383,0.034468
E13 8LL,51.521932,0.023867
E15 3HQ,51.532433,0.013547
E7 8DT,51.544113,0.034456
E15 3HB,51.531089,0.013805
E6 1QN,51.53241,0.043983
E7 9BZ,51.549536,0.017303
E16 2HR,51.501797,0.054327
E13 9BS,51.531776,0.032853
E6 1AN,51.538026,0.035958
E7 8NH,51.541532,0.0407
E13 8PL,51.519086,0.031351
E6 1LS,51.535659,0.047964
E12 5BG,51.550613,0.044395
E15 4DQ,51.541146,0.007342
E6 1DX,51.534767,0.036706
E16 4NT,51.522801,0.011004
E6 3EE,51.528777,0.039337
E13 0RL,51.536408,0.030248
E7 8QE,51.543478,0.04409
E12 5PJ,51.54989,0.059479
E6 5TU,51.515796,0.048832
E7 8DY,51.545897,0.038948
E6 2BX,51.536351,0.057743
E16 4NW,51.522062,0.007382
E13 0HZ,51.531557,0.021093
E12 6AN,51.550559,0.051619
E6 3LJ,51.525465,0.045172
E6 2LQ,51.534585,0.057404
E6 3HY,51.528453,0.046545
E15 4NA,51.544889,0.011415
E12 5BD,51.550575,0.042951
E12 6NL,51.542807,0.057241
E6 3PW,51.522204,0.049595
E7 8PJ,51.539812,0.039282
E7 9NL,51.542395,0.024659
E13 9QB,51.525641,0.038116
E7 0LW,51.553665,0.033872
E7 9NH,51.542943,0.024669
E16 3HP,51.512154,0.039056
E13 0JX,51.533556,0.015731
E7 9AQ,51.546488,0.017269
E6 2EJ,51.536687,0.053432
E13 9LF,51.528739,0.034779
E7 9NT,51.542448,0.022585
E7 8LA,51.539599,0.027217
E6 6EF,51.530225,0.056818
E6 5UR,51.515561,0.051517
E12 6BS,51.552952,0.052059
E16 3SR,51.518478,0.040491
E6 3JG,51.526872,0.04437
E13 9LD,51.528755,0.036453
E6 2LB,51.53537,0.056776
E6 1NX,51.533186,0.048473
E6 5TQ,51.515712,0.050558
E6 2NT,51.535269,0.063015
E16 3JZ,51.516329,0.03476
E6 1AW,51.538447,0.036553
E16 3RW,51.515287,0.035203
E16 3AL,51.510209,0.023606
E13 8EN,51.520479,0.013712
E12 5JY,51.553531,0.054941
E12 6JP,51.546832,0.066206
E12 5BT,51.551786,0.04726
E13 0LQ,51.531379,0.023046
E6 2LW,51.53414,0.063281
E7 9BU,51.550041,0.018234
E7 8LD,51.539694,0.031072
E6 3BJ,51.530301,0.045806
E13 9NQ,51.523956,0.038314
E7 8HA,51.541646,0.034129
E12 6JH,51.545239,0.063711
E6 3HS,51.527489,0.047699
E6 3JY,51.52343,0.040641
E7 0AZ,51.552895,0.020639
E16 1JA,51.513806,0.014239
E7 0LQ,51.552293,0.031589
E6 3PN,51.521828,0.052577
E6 2DZ,51.539288,0.061538
E6 3ED,51.528593,0.039055
E12 6TN,51.545022,0.047361
E13 9DS,51.528868,0.027865
E15 4AE,51.54231,0.014416
E7 8AS,51.546731,0.038034
E12 6HH,51.548117,0.06162
E6 3JX,51.52292,0.044092
E6 5NY,51.511489,0.064708
E7 9LS,51.544483,0.030232
E6 6LB,51.515636,0.065184
E6 6LD,51.515349,0.063571
E12 6JZ,51.54661,0.061927
E6 3NS,51.526409,0.054397
E6 2AH,51.540469,0.059285
E6 1BL,51.538346,0.044941
E13 9BY,51.532423,0.035982
E16 3JA,51.51111,0.0396
E15 4QF,51.537019,0.003627
E6 2PD,51.536487,0.063301
E6 1PB,51.532941,0.04754
E13 9QD,51.525307,0.03823
E15 1TX,51.550194,-0.001679
E16 3TR,51.511543,0.044173
E7 8JD,51.542481,0.031628
E6 2RU,51.53193,0.059562
E13 9HP,51.530601,0.026428
E16 4AJ,51.518299,0.01967
E12 6AR,51.550731,0.050487
E7 8QG,51.543549,0.043141
E13 9LT,51.526494,0.033569
E6 5JY,51.516478,0.049972
E6 3DL,51.529033,0.046283
E6 2PY,51.531326,0.063745
E6 3LA,51.523815,0.044853
E7 9ND,51.543198,0.022906
E15 4DF,51.540321,0.008214
E6 6HP,51.523204,0.060769
E16 4AG,51.517727,0.02208
E13 9JE,51.53214,0.032076
E7 0NJ,51.550856,0.028323
E6 3BL,51.530182,0.045412
E6 3NA,51.527584,0.052562
E16 1LT,51.51161,0.017486
E15 4NE,51.545378,0.009114
E7 8ER,51.544295,0.038992
E6 3BZ,51.530304,0.043038
E15 3DP,51.532132,0.009598
E12 6PY,51.544004,0.052074
E6 6DS,51.527837,0.058628
E6 1JP,51.536239,0.047702
E6 3LF,51.524051,0.042153
E7 8LZ,51.540967,0.035411
E12 6DX,51.551021,0.053991
E15 3HD,51.531386,0.013761
E16 3NT,51.514201,0.029404
E12 6AA,51.549349,0.046718
E6 6AP,51.52582,0.064433
E13 0LS,51.534334,0.023768
E6 1DA,51.538509,0.043853
E7 8ED,51.546771,0.034675
E15 4NN,51.545951,0.009255
E7 8HN,51.541561,0.031256
E7 8LB,51.539388,0.027943
E16 4JW,51.520876,0.011034
E12 6SQ,51.540303,0.052369
E7 9LZ,51.544033,0.024544
E6 3JF,51.527919,0.046738
E7 9DB,51.550999,0.016401
E15 1ST,51.551238,0.01243
E6 5SZ,51.514005,0.046373
E15 3BL,51.530658,0.006419
E6 3EX,51.526352,0.042256
E15 1TE,51.551077,0.00925
E13 8JU,51.518242,0.025577
E12 5PQ,51.550185,0.060603
E6 5XA,51.517489,0.045607
E7 0JJ,51.553432,0.028611
E12 6PN,51.545542,0.054653
E13 8NF,51.517834,0.028369
E7 8AJ,51.546886,0.040997
E6 1QW,51.533871,0.043746
E15 3QS,51.535029,0.018939
E15 4DJ,51.54103,0.006745
E13 9JD,51.530514,0.031975
E13 0BZ,51.528352,0.021297
E12 6SS,51.542416,0.048787
E6 3AP,51.530788,0.048308
E15 1RE,51.548969,0.011566
E6 6LJ,51.515402,0.068258
E15 1QJ,51.545807,0.000826
E15 1PG,51.545229,0.001003
E6 2NX,51.535262,0.06339
E12 5BH,51.550827,0.039356
E16 4JX,51.521914,0.013905
E6 6HF,51.524038,0.063474
E7 8AG,51.547068,0.039837
E16 2BD,51.503256,0.026857
E15 1TT,51.550373,0.000954
E6 1LR,51.535493,0.048692
E6 5SF,51.514626,0.050466
E6 3QW,51.524775,0.055275
E7 9PF,51.541215,0.029438
E7 8QF,51.543246,0.042969
E13 8BB,51.527672,0.021627
E12 5QP,51.551179,0.062393
E15 1LX,51.5493,-0.000449
E12 6LA,51.546525,0.06113
E15 1SJ,51.550407,0.007908
E16 4AS,51.518434,0.018595
E12 6JU,51.547633,0.065622
E6 5XX,51.516664,0.057303
E6 2LD,51.535242,0.054319
E6 5UB,51.518702,0.047766
E7 8DB,51.546128,0.032353
E16 3AW,51.510856,0.023649
E6 2HE,51.536395,0.053708
E6 3NP,51.525875,0.051
E13 0PP,51.533701,0.025052
E7 8EP,51.544573,0.039048
E15 3EA,51.532916,0.012113
E6 1JT,51.53621,0.049878
E12 6JB,51.547269,0.061279
E6 2AS,51.541446,0.062588
E7 8DU,51.544993,0.039182
E6 5PQ,51.509634,0.060257
E6 5PH,51.509619,0.064205
E6 5NJ,51.510435,0.0643
E6 5NL,51.511398,0.063248
E6 5PJ,51.50957,0.065414
E16 4NU,51.52355,0.009811
E6 5NS,51.510378,0.065508
E7 0QX,51.547827,0.02927
E6 3DZ,51.529372,0.039753
E6 5PL,51.50953,0.066161
E6 5NR,51.510455,0.066261
E7 8EX,51.543032,0.034595
E16 3AD,51.510517,0.021905
E12 6PX,51.543607,0.052157
E15 3PQ,51.536328,0.01297
E6 5SX,51.513482,0.050054
E16 4HJ,51.519798,0.015642
E7 8QN,51.543014,0.044891
E16 4NN,51.522069,0.006978
E6 3PA,51.527415,0.056533
E6 5SN,51.51461,0.048764
E6 2LH,51.53447,0.057831
E12 5BE,51.550476,0.043509
E12 6AB,51.549061,0.046749
E15 3PS,51.534893,0.014867
E15 4HD,51.541237,0.011989
E13 9PU,51.526792,0.037648
E15 1EU,51.544523,0.007029
E7 8QW,51.542778,0.045039
E13 0AX,51.528322,0.025116
E16 3SN,51.517367,0.041811
E13 0HW,51.526224,0.019026
E12 5JR,51.554874,0.059401
E16 3TS,51.51144,0.045466
E7 0PR,51.549811,0.036743
E13 9JF,51.531849,0.03176
E15 4NB,51.545528,0.010866
E13 9DZ,51.526852,0.029534
E12 6TU,51.545596,0.045353
E6 3JH,51.526552,0.044673
E16 4AZ,51.52003,0.020957
E16 3RR,51.514378,0.034745
E7 8JE,51.543282,0.032616
E7 9LT,51.544255,0.030438
E15 3NL,51.534654,0.003091
E13 0SW,51.536594,0.0335
E15 3LS,51.534663,0.004129
E15 3DF,51.52623,0.006628
E15 3NN,51.535135,0.004943
E15 3LL,51.535226,0.00277
E15 3NJ,51.535034,0.003454
E15 3NS,51.536355,0.003021
E15 3NH,51.534287,0.005108
E15 3LU,51.534411,0.005704
E7 8PQ,51.54093,0.041178
E6 1ES,51.535875,0.045898
E6 1AA,51.537581,0.040322
E13 0QA,51.537312,0.025255
E15 3NP,51.535831,0.005248
E6 1AS,51.537641,0.037916
E13 9AA,51.530974,0.0231
E6 3AH,51.531162,0.052636
E6 3DS,51.529636,0.041105
E6 6BN,51.528867,0.062957
E13 9PS,51.5287,0.038079
E6 3DY,51.529218,0.039285
E6 3ND,51.526989,0.050589
E15 3PG,51.536353,0.012552
E13 9NG,51.524369,0.037352
E15 3QT,51.535813,0.019897
E6 3BQ,51.53053,0.046581
E7 8NA,51.540883,0.03509
E7 0RD,51.549693,0.040935
E6 5JJ,51.51991,0.05373
E16 4DL,51.518514,0.018137
E15 1HL,51.54814,0.010592
E7 0HD,51.552142,0.023115
E16 1SD,51.504965,0.019008
E7 8NB,51.540807,0.03376
E6 1LH,51.534091,0.045025
E6 2EX,51.537435,0.062551
E15 4AR,51.539904,0.011584
E13 0DR,51.528513,0.016143
E13 0JE,51.532714,0.019716
E6 3AE,51.530129,0.049965
E6 6NB,51.516132,0.068622
E6 2ET,51.536319,0.066206
E15 4HE,51.540729,0.012255
E15 4LS,51.54462,0.010826
E12 5PH,51.549976,0.060233
E7 0DB,51.552134,0.020475
E16 3EQ,51.512865,0.021894
E7 8JN,51.543409,0.02841
E6 5QG,51.512001,0.058116
E7 8BN,51.545266,0.025046
E15 1HH,51.548237,0.009168
E6 1DB,51.539072,0.042522
E7 0LA,51.551484,0.02737
E7 8HE,51.54335,0.03957
E7 9BY,51.550157,0.017792
E12 6RN,51.546837,0.051567
E13 0EA,51.529196,0.014587
E7 0EB,51.555438,0.021329
E7 0DR,51.553502,0.023551
E13 0PD,51.533586,0.025969
E13 0NA,51.533984,0.022714
E15 3EW,51.534926,0.013427
E12 6RE,51.544681,0.053489
E6 2RN,51.53279,0.060293
E7 9BJ,51.551051,0.019158
E12 6JL,51.546268,0.065013
E13 8LH,51.522187,0.026285
E6 3QL,51.52536,0.055258
E7 9HS,51.542052,0.018443
E6 5TB,51.513587,0.047119
E15 3QQ,51.536565,0.011754
E16 3NA,51.512808,0.025206
E7 8JJ,51.543316,0.03067
E7 0DX,51.554394,0.02085
E6 1LZ,51.531895,0.045676
E6 2PA,51.535192,0.06379
E15 1SS,51.551241,0.011204
E7 8QP,51.540929,0.043312
E13 9EU,51.530024,0.035341
E7 9QU,51.537873,0.024559
E6 3JA,51.527993,0.044045
E7 0LY,51.554126,0.033229
E7 8NE,51.541333,0.036639
E6 3SQ,51.520969,0.046138
E15 1RN,51.549949,0.013643
E13 9EN,51.530546,0.03535
E6 6HQ,51.52489,0.061032
E7 8DD,51.546236,0.033411
E15 3PY,51.535484,0.016537
E6 2BD,51.534423,0.055868
E13 0LE,51.532738,0.019343
E6 3RR,51.524168,0.057079
E6 2AJ,51.540533,0.060254
E13 0SL,51.536441,0.032989
E13 9LG,51.52704,0.032685
E16 3AH,51.510468,0.023748
E6 3SE,51.521815,0.047127
E6 6HH,51.525304,0.061022
E12 6UB,51.546436,0.046717
E13 8EP,51.520619,0.014439
E13 9NX,51.525649,0.034598
E7 9DW,51.550155,0.020013
E6 5SY,51.514946,0.044974
E7 8HZ,51.542989,0.028738
E13 9NW,51.525798,0.034259
E16 4NL,51.521937,0.008933
E16 1HN,51.510752,0.014018
E6 3LH,51.525575,0.044499
E6 2ND,51.536371,0.059157
E16 4NX,51.523719,0.00832
E16 4ND,51.522192,0.010314
E6 3AD,51.529833,0.049909
E6 5YR,51.519448,0.046747
E6 5YT,51.519325,0.048616
E16 4PT,51.523613,0.005043
E16 4PD,51.523634,0.007523
E7 8PN,51.53891,0.041506
E15 3PL,51.536204,0.013382
E6 2PS,51.53228,0.065259
E6 5ZL,51.519297,0.050243
E13 8DE,51.523724,0.017992
E6 1AR,51.537657,0.036994
E7 9QL,51.53852,0.031322
E13 0DG,51.528222,0.018941
E7 8BX,51.546039,0.030748
E6 2RD,51.531243,0.059805
E6 3HN,51.527813,0.055412
E6 3LT,51.526717,0.054281
E12 6UE,51.545947,0.043277
E6 5XE,51.516887,0.052816
E13 9BD,51.531251,0.02216
E13 8NA,51.518891,0.028604
E6 3AJ,51.531382,0.051334
E12 6LD,51.546114,0.060996
E7 0LJ,51.552459,0.03288
E7 8JB,51.543142,0.03134
E15 4QP,51.54213,0.011322
E15 4LA,51.54288,0.016345
E7 0DU,51.55344,0.022409
E12 6LL,51.541929,0.058081
E6 1NY,51.533392,0.050588
E15 2RH,51.532003,-0.006527
E6 5SW,51.514212,0.047406
E16 3HD,51.512127,0.037469
E15 4DE,51.541298,0.007911
E15 3LD,51.533748,0.006598
E16 2DS,51.502458,0.048435
E12 6HW,51.548344,0.062005
E6 1QZ,51.534623,0.040809
E15 4DP,51.539824,0.006288
E15 4DA,51.536869,0.007673
E16 3DS,51.510784,0.030924
E6 5PX,51.511603,0.056714
E13 8QF,51.524898,0.029145
E6 2JJ,51.537215,0.046909
E13 0BY,51.528962,0.020877
E7 0PB,51.549392,0.027724
E6 3DP,51.529702,0.041988
E12 6TW,51.545252,0.047068
E6 5JT,51.517935,0.051494
E6 3PP,51.522556,0.046915
E7 9QS,51.538238,0.027878
E15 3DB,51.527591,0.008014
E6 1PG,51.534154,0.045547
E13 9EE,51.528826,0.030819
E16 1PF,51.514949,0.020992
E16 1TB,51.504478,0.021666
E7 9LR,51.544168,0.028184
E16 3HL,51.511362,0.038545
E15 2RX,51.531818,-0.004646
E6 2PN,51.529833,0.064283
E6 5QS,51.511563,0.052317
E6 1JH,51.537487,0.050354
E16 3LU,51.514726,0.036965
E6 2BN,51.539271,0.058884
E13 9HS,51.530492,0.027562
E16 2BE,51.503189,0.028108
E13 0QQ,51.534898,0.027037
E13 0LX,51.536136,0.023083
E16 3RP,51.514706,0.033967
E15 1RG,51.549309,0.012691
E12 5HT,51.553119,0.048157
E6 3DN,51.528494,0.043202
E13 0BG,51.527749,0.027541
E13 8LZ,51.518673,0.028219
E12 6JA,51.546893,0.060671
E6 5UL,51.515582,0.05182
E6 1LJ,51.532684,0.045293
E15 4RS,51.539124,0.00196
E12 5HY,51.553395,0.052439
E6 6LE,51.515174,0.067411
E16 1JD,51.514413,0.01343
E15 3AL,51.524393,0.006244
E12 6RL,51.546316,0.050476
E7 9DP,51.550093,0.020457
E7 0EJ,51.554113,0.024588
E13 0SN,51.536495,0.032472
E15 1EX,51.545212,0.006223
E7 9DA,51.54992,0.017421
E16 4BB,51.519479,0.021639
E6 1DQ,51.539428,0.046331
E6 3RY,51.52021,0.055084
E6 3EU,51.526214,0.041399
E7 8BJ,51.545678,0.027213
E7 0LR,51.552562,0.034212
E7 0NL,51.55095,0.031212
E6 3RX,51.520565,0.057407
E12 5QR,51.550884,0.062798
E15 1RJ,51.549076,0.013691
E7 9QE,51.538243,0.02446
E16 3BT,51.509795,0.020504
E13 0SQ,51.535329,0.033833
E15 4EY,51.541614,0.008905
E6 5XR,51.51642,0.05843
E16 3HN,51.51183,0.034372
E13 8PQ,51.518818,0.031282
E7 8DE,51.54667,0.032204
E16 4LU,51.517996,0.007448
E7 8HG,51.542743,0.039817
E12 6PU,51.543353,0.052261
E6 5XW,51.516401,0.054898
E6 5YH,51.518378,0.054944
E15 4NT,51.546927,0.012096
E6 6FR,51.509659,0.068545
E16 2AN,51.503115,0.02613
E6 6EA,51.529804,0.058789
E12 5AB,51.551259,0.045506
E6 1LY,51.535724,0.050923
E15 3AF,51.524636,0.005693
E13 8ND,51.518061,0.028221
E13 8JJ,51.520746,0.023785
E6 3DU,51.529717,0.04059
E6 6DZ,51.529262,0.057871
E15 3PJ,51.53625,0.013846
E6 1LP,51.535275,0.048827
E6 6HN,51.522959,0.058841
E7 0LD,51.55179,0.027874
E6 5PS,51.511572,0.055877
E12 6DD,51.551671,0.054352
E12 6JX,51.546679,0.063127
E6 5PR,51.512036,0.056129
E15 4EP,51.542067,0.011809
E6 5QJ,51.511224,0.051624
E16 3DU,51.512018,0.029797
E15 1QF,51.547061,0.000593
E6 6AF,51.525624,0.062277
E16 1JB,51.513319,0.013771
E7 0JF,51.553397,0.028032
E15 4ER,51.542816,0.011684
E16 4JT,51.522719,0.013667
E13 9PA,51.525568,0.035071
E6 5TD,51.512812,0.047199
E13 9HX,51.530991,0.02832
E16 3SP,51.518536,0.041287
E12 6TP,51.544533,0.043935
E13 9NH,51.523961,0.036498
E6 5QN,51.510589,0.053484
E6 5PE,51.509213,0.05861
E13 8LX,51.518363,0.024271
E12 5RY,51.552509,0.064502
E7 8EN,51.543707,0.034567
E13 8EH,51.520263,0.015822
E7 0HN,51.550771,0.021266
E6 3LQ,51.524615,0.042322
E13 0DH,51.52969,0.018804
E7 0QY,51.548302,0.033027
E7 0DN,51.554929,0.023715
E7 0JE,51.55369,0.027209
E13 8BE,51.528825,0.023091
E6 3LL,51.525702,0.045471
E7 0NA,51.549986,0.039607
E12 6SP,51.543125,0.048357
E13 8NP,51.520594,0.029458
E13 9BH,51.530181,0.033575
E6 1JW,51.536756,0.047408
E16 1LE,51.50998,0.016563
E13 0BS,51.529205,0.021868
E12 6DF,51.549462,0.057224
E12 6JY,51.546867,0.062674
E12 6NP,51.541939,0.052904
E6 5RH,51.515354,0.053583
E13 0AS,51.527917,0.026713
E6 1BG,51.539052,0.049314
E6 5RU,51.512976,0.051184
E6 2EH,51.536939,0.0534
E13 8QP,51.522447,0.028401
E16 4NP,51.52383,0.010256
E13 0HB,51.525532,0.016371
E12 6QP,51.547574,0.050028
E13 9LH,51.526678,0.033304
E6 5JX,51.516952,0.052185
E6 5QA,51.511444,0.054473
E6 3EN,51.527612,0.042702
E6 1BQ,51.539249,0.048875
E6 6FT,51.50946,0.068089
E7 8AU,51.546576,0.037118
E13 8QR,51.522791,0.028748
E15 4EZ,51.541217,0.008412
E16 4BG,51.518716,0.023133
E7 8DF,51.547197,0.034507
E7 0PH,51.548746,0.028172
E6 2AU,51.543044,0.062747
E6 2BL,51.539477,0.058432
E15 3JQ,51.533371,0.006567
E16 3RE,51.510598,0.04527
E16 2NU,51.50133,0.069147
E6 5QE,51.512751,0.058942
E13 8RS,51.523213,0.031924
E16 3PS,51.514755,0.029069
E16 3EF,51.512822,0.023866
E16 3RF,51.510856,0.044921
E15 2RF,51.530658,-0.00624
E6 2JL,51.537925,0.049998
E7 9NG,51.543753,0.024618
E13 8LT,51.517985,0.02483
E7 0LP,51.553375,0.033974
E12 6PZ,51.544306,0.052319
E7 0ED,51.555899,0.022734
E6 3QP,51.524499,0.055162
E16 4QE,51.517611,0.008973
E12 5JQ,51.552741,0.056954
E7 0DW,51.554221,0.02253
E6 2HS,51.534406,0.054815
E16 4PQ,51.523612,0.005129
E13 9HT,51.530339,0.026503
E12 6TT,51.545172,0.042363
E6 3EF,51.527831,0.039915
E7 9QH,51.539155,0.031004
E15 3DX,51.532224,0.011606
E6 3SL,51.52097,0.049179
E6 3DT,51.529656,0.041524
E16 4AQ,51.518109,0.021823
E6 3HT,51.527692,0.047391
E7 8BY,51.545444,0.030837
E6 2PP,51.531656,0.0665
E15 1LU,51.549517,0.00321
E13 8HU,51.520236,0.020534
E7 8DN,51.545027,0.03415
E13 0SF,51.534556,0.029127
E6 2BT,51.538642,0.057356
E7 8EU,51.542752,0.034669
E6 1PD,51.532912,0.047149
E16 4QL,51.51674,0.008877
E6 2NA,51.536079,0.055308
E13 9LE,51.528571,0.035132
E6 3RT,51.521845,0.057796
E6 1QF,51.53283,0.041565
E15 3QR,51.535332,0.018592
E13 8DQ,51.521093,0.018265
E7 9QN,51.538235,0.031165
E16 3RN,51.515564,0.034279
E16 3PT,51.514585,0.030084
E13 0HA,51.52519,0.015866
E15 2JL,51.537929,-0.004941
E15 2RL,51.531412,-0.005068
E15 1JU,51.54817,-0.001162
E6 6DX,51.528674,0.058104
E16 3JL,51.515198,0.032043
E12 6AE,51.548037,0.053352
E7 9LG,51.541556,0.021117
E6 5SJ,51.51484,0.04693
E15 1JJ,51.547993,0.003417
E16 2LD,51.501771,0.058894
E16 2HN,51.502247,0.052777
E7 0EL,51.548934,0.024531
E12 6RG,51.546029,0.050939
E6 3SB,51.521409,0.050799
E6 3EP,51.527783,0.041123
E6 2BY,51.534868,0.0587
E15 4JZ,51.543081,0.016657
E12 5RT,51.553101,0.062033
E6 1EX,51.53653,0.042337
E7 9PQ,51.54049,0.027689
E7 8PF,51.53983,0.037697
E6 3QQ,51.52576,0.054008
E16 1TH,51.503905,0.021007
E6 1LW,51.534961,0.048769
E16 3TY,51.511383,0.042509
E12 5PG,51.550816,0.060054
E6 2JZ,51.534458,0.056432
E16 2HX,51.501737,0.056227
E6 5XS,51.516846,0.057729
E15 4EL,51.542777,0.012908
E7 9JU,51.543255,0.022202
E16 1NJ,51.51308,0.019842
E13 9NJ,51.524335,0.033603
E15 2HS,51.537807,-0.00411
E6 1QP,51.533297,0.043144
E15 2HU,51.539078,-0.005324
E15 2JR,51.537214,-0.007338
E15 2HR,51.538423,-0.003838
E15 1AF,51.538787,-0.003044
E15 1AU,51.538963,-0.003844
E15 2RQ,51.531082,-0.005774
E7 0LT,51.552704,0.035344
E6 2BZ,51.534713,0.058347
E15 2JH,51.53765,-0.005473
E12 5QY,51.550771,0.06363
E12 5NE,51.554172,0.065053
E15 2RE,51.531801,-0.007358
E15 2RG,51.53057,-0.004787
E12 5QU,51.550724,0.063238
E12 5PT,51.549626,0.058154
E6 1EY,51.536348,0.042963
E6 1AB,51.537295,0.040237
E6 2QA,51.533008,0.064773
E16 4AD,51.517996,0.019483
E7 8ND,51.540561,0.033922
E6 5JU,51.518054,0.05294
E6 3QJ,51.52503,0.053081
E7 8QQ,51.543013,0.043406
E16 1EP,51.516198,0.01423
E6 3PQ,51.522459,0.056094
E6 2NR,51.53511,0.062345
E6 2EU,51.539031,0.063344
E13 8LW,51.520806,0.025013
E6 1DE,51.539144,0.043045
E7 0JT,51.554825,0.040083
E16 3DX,51.512479,0.034819
E6 6WP,51.512946,0.064702
E15 1PJ,51.546419,0.002944
E16 3QS,51.513847,0.02384
E15 3PX,51.535447,0.016103
E6 2JG,51.538187,0.049938
E7 8AX,51.548533,0.041951
E7 9PW,51.539872,0.024432
E16 4PR,51.519448,0.010928
E13 8JY,51.520338,0.024473
E12 6NW,51.542161,0.052583
E16 4PB,51.523882,0.007202
E13 9JQ,51.533455,0.032985
E16 3NR,51.51388,0.02926
E16 2DE,51.503779,0.045411
E12 5HX,51.554033,0.051472
E16 2DJ,51.502951,0.046483
E7 9QF,51.538869,0.027805
E6 3PX,51.522517,0.052262
E12 6AL,51.548971,0.052932
E6 1LL,51.532668,0.045696
E12 6AW,51.550704,0.052044
E16 1GW,51.514973,0.010702
E7 8DZ,51.545601,0.038906
E7 8EY,51.542111,0.03477
E16 3LZ,51.516502,0.036742
E16 1NE,51.511656,0.02001
E6 2NS,51.535176,0.062665
E16 3AQ,51.511054,0.022592
E13 9QA,51.52518,0.036207
E12 6PH,51.544103,0.049988
E12 6AP,51.550461,0.051052
E7 9LX,51.543668,0.027989
E7 9LD,51.542345,0.020229
E16 3JU,51.514988,0.032754
E6 2SF,51.532437,0.060926
E16 3QN,51.51243,0.022624
E12 6NJ,51.543338,0.057222
E16 1LQ,51.510992,0.016277
E16 3LP,51.515355,0.036503
E16 2LH,51.500881,0.063508
E16 3RZ,51.514589,0.035028
E6 5PP,51.512424,0.056045
E6 2BJ,51.538984,0.054776
E13 0NJ,51.53434,0.02087
E16 1SE,51.505036,0.020077
E6 3ER,51.526605,0.041128
E6 5QF,51.512178,0.058758
E15 4DH,51.5413,0.006209
E12 5BX,51.552972,0.043203
E15 1QE,51.546937,-0.000581
E15 2AP,51.551511,0.002807
E16 2FF,51.506554,0.071747
E7 9DE,51.549744,0.016677
E6 3BH,51.530419,0.046244
E15 3AD,51.525844,0.005515
E15 2TG,51.535616,-0.003211
E6 5XL,51.516666,0.055674
E13 0RF,51.536637,0.027893
E7 0PZ,51.54867,0.033072
E6 3DH,51.528721,0.048691
E6 1HH,51.535485,0.045058
E6 6WE,51.512268,0.068461
E6 2NH,51.534878,0.060186
E15 3LH,51.534961,0.007718
E7 9LY,51.543794,0.030562
E15 4DR,51.539337,0.007911
E13 0QP,51.536291,0.030733
E13 8NB,51.518251,0.028157
E7 0ES,51.550919,0.022585
E13 0DF,51.529333,0.019134
E13 8DP,51.52265,0.02028
E6 2NN,51.534982,0.061431
E13 0HQ,51.525144,0.010718
E6 2DY,51.538692,0.059132
E13 0PX,51.536749,0.024553
E16 1LD,51.509855,0.015434
E16 2NH,51.500287,0.069619
E15 1SR,51.551424,0.010535
E12 6NH,51.54359,0.057204
E15 4DW,51.539511,0.006174
E6 2AN,51.541556,0.06092
E6 3QH,51.52504,0.053543
E16 1TS,51.504621,0.023834
E6 2SP,51.532882,0.062749
E12 5RL,51.550792,0.063962
E12 6HS,51.548426,0.062961
E15 1TU,51.550271,-0.000421
E13 8BN,51.524579,0.022081
E6 3LZ,51.527321,0.052679
E16 3RL,51.514139,0.035541
E12 6HR,51.548556,0.063284
E6 5TA,51.513127,0.04926
E6 2AQ,51.540313,0.05847
E13 9EA,51.527771,0.030959
E6 6AJ,51.524794,0.064993
E13 0RH,51.536137,0.029255
E7 9AH,51.546181,0.017327
E7 9BB,51.549362,0.022184
E6 2AL,51.541695,0.060176
E6 6HZ,51.524867,0.060311
E12 6JT,51.547878,0.065504
E7 9AW,51.547112,0.016517
E7 0EE,51.55533,0.022348
E7 0NX,51.550378,0.0326
E12 6QB,51.544724,0.052583
E15 4HX,51.541119,0.009431
E6 3SJ,51.52076,0.048882
E16 3TZ,51.512138,0.043076
E13 0LN,51.532275,0.020663
E15 3BJ,51.531831,0.007235
E6 6BX,51.528229,0.06548
E6 6NJ,51.516248,0.065658
E7 9PE,51.541166,0.028123
E6 3EG,51.526674,0.040281
E13 0DT,51.529562,0.016319
E13 8LN,51.521695,0.024577
E6 3PJ,51.522191,0.056009
E15 1SL,51.550689,0.009348
E16 1JE,51.514089,0.012926
E13 0RZ,51.532188,0.025706
E15 3JR,51.53587,0.010844
E16 3HX,51.511704,0.033343
E16 4NQ,51.521472,0.007702
E6 2BE,51.536012,0.055017
E13 9BJ,51.530391,0.033887
E6 2AG,51.540093,0.057681
E6 2AX,51.542239,0.061456
E6 5QD,51.512909,0.058114
E7 0PJ,51.549048,0.027853
E13 9NF,51.524783,0.034228
E7 9JP,51.544517,0.021551
E15 1DZ,51.551239,-0.001806
E13 8SJ,51.520523,0.033044
E13 0SP,51.537013,0.033706
E16 3SS,51.518315,0.039518
E15 1QH,51.546093,-0.000113
E7 9PD,51.541109,0.027212
E12 6QD,51.545001,0.052638
E6 2PT,51.532565,0.065402
E6 3JW,51.527529,0.049488
E12 5JL,51.552869,0.05732
E7 9DU,51.553097,0.017301
E6 2HR,51.53367,0.055243
E7 0HH,51.553615,0.024306
E6 6DR,51.527338,0.058361
E6 2SJ,51.532556,0.062359
E15 4DD,51.541232,0.007562
E6 6EB,51.529824,0.059179
E13 8AR,51.52714,0.020147
E7 9BL,51.551592,0.017999
E13 9NS,51.527575,0.037063
E12 5PD,51.552688,0.059937
E6 2BU,51.537328,0.057427
E6 2AP,51.540675,0.060895
E6 5LY,51.516934,0.051117
E16 3EY,51.512046,0.035938
E12 6PS,51.544257,0.057133
E12 5LF,51.555269,0.058914
E13 8LP,51.520233,0.024872
E6 3QG,51.525554,0.05446
E12 6JR,51.546254,0.066858
E6 2DS,51.537431,0.052529
E6 1BP,51.537083,0.040573
E6 1HB,51.53498,0.044098
E6 2BH,51.538617,0.054168
E13 0PE,51.532658,0.02453
E13 8NR,51.520344,0.02936
E6 2EW,51.536501,0.060432
E7 8BU,51.545788,0.030218
E16 3LA,51.516816,0.034695
E16 1NP,51.51486,0.018811
E16 4JS,51.522026,0.013161
E15 4JY,51.542533,0.016084
E6 3AN,51.531137,0.049939
E7 9BN,51.551822,0.01824
E6 6WX,51.513127,0.065142
E6 1BX,51.538648,0.043124
E6 2DN,51.538531,0.062139
E6 2JQ,51.537553,0.047126
E12 6QT,51.546924,0.053273
E13 8PN,51.518689,0.026245
E16 4NR,51.524476,0.011366
E13 8RF,51.525418,0.027135
E13 9JZ,51.528751,0.034088
E13 9LL,51.527282,0.034268
E6 2EB,51.538409,0.05524
E15 1LS,51.550378,0.003334
E6 6HE,51.52468,0.061715
E15 1SH,51.55013,0.00628
E6 1AT,51.538908,0.039054
E7 9DD,51.551156,0.016682
E12 5JA,51.554231,0.05402
E6 2NL,51.534998,0.061042
E7 0HB,51.553236,0.025934
E12 6LN,51.541984,0.057507
E6 3HX,51.528689,0.046426
E15 4LT,51.542653,0.006514
E13 8HY,51.520158,0.020314
E12 5PA,51.553429,0.060273
E12 6PP,51.544778,0.057157
E13 9DX,51.527985,0.029527
E15 3PN,51.536118,0.014705
E6 1PA,51.533112,0.048066
E16 4QW,51.518208,0.006146
E16 4QP,51.520284,0.00517
E16 4PL,51.518347,0.011672
E16 4NF,51.520742,0.009385
E16 4QR,51.519486,0.005524
E15 4RU,51.539119,0.002782
E6 3AL,51.531311,0.050783
E6 1DT,51.534709,0.037439
E7 0JG,51.553024,0.026746
E12 6ST,51.542126,0.048889
E16 4JZ,51.521927,0.015261
E16 4NS,51.523662,0.011142
E12 6LP,51.543619,0.059167
E16 4RB,51.518129,0.007079
E12 5PR,51.551752,0.056895
E16 4EG,51.51748,0.021291
E16 4JL,51.520142,0.011362
E16 4NA,51.520504,0.010138
E7 8PE,51.539311,0.03652
E12 6PJ,51.54522,0.051437
E12 5DT,51.553223,0.044815
E13 9EZ,51.527355,0.031114
E13 0EL,51.524993,0.020499
E15 4AD,51.541532,0.015737
E6 3QN,51.525051,0.054942
E6 3EY,51.526287,0.041864
E13 8RU,51.522222,0.032557
E6 1LQ,51.533621,0.044643
E6 3SF,51.52155,0.047389
E7 8HS,51.541885,0.031212
E7 9DL,51.551638,0.01953
E6 2PU,51.53165,0.064784
E6 1NS,51.534255,0.048031
E13 0TD,51.53058,0.016191
E13 8JX,51.518444,0.025831
E12 5QG,51.551839,0.061168
E6 1LE,51.532511,0.044867
E13 0BD,51.527203,0.026393
E7 0RA,51.548916,0.03803
E6 1DR,51.533748,0.038391
E12 6DT,51.549195,0.054515
E6 1LF,51.532546,0.044436
E7 0JB,51.553588,0.026368
E7 9QX,51.53762,0.02462
E13 0RB,51.536876,0.027096
E16 3HZ,51.510859,0.040079
E15 3DH,51.53141,0.008211
E16 3NJ,51.513184,0.030483
E12 5PW,51.553238,0.058822
E16 2HT,51.501719,0.054684
E15 4HA,51.541258,0.009178
E6 2NJ,51.534935,0.060534
E7 8JH,51.543562,0.031013
E7 8AP,51.547702,0.037558
E16 4AF,51.51793,0.021772
E6 3QT,51.524191,0.055249
E13 0DW,51.529129,0.017438
E6 5UQ,51.516937,0.04737
E13 9LS,51.526239,0.03376
E16 3RT,51.514139,0.034013
E13 0AY,51.525975,0.02716
E6 6AL,51.525889,0.063053
E7 0QD,51.548483,0.028823
E15 2RR,51.532393,-0.006178
E7 9NP,51.541696,0.022407
E16 1PE,51.515077,0.021891
E12 6LW,51.543711,0.059561
E6 2JH,51.537184,0.045091
E13 0SJ,51.53626,0.031495
E16 3NQ,51.512891,0.03024
E16 3SH,51.514132,0.026101
E15 4AT,51.538306,0.012999
E13 0LY,51.535986,0.022413
E15 1PP,51.546774,0.00319
E7 9HU,51.544515,0.019042
E6 6ED,51.529617,0.057641
E15 4EN,51.542249,0.012726
E15 4AZ,51.540082,0.013251
E6 3DR,51.52973,0.042422
E6 3QY,51.523228,0.054773
E12 5ND,51.550673,0.06563
E13 8BF,51.521796,0.027003
E15 1SU,51.551833,0.011332
E6 2DX,51.538165,0.05533
E13 8QN,51.52335,0.028701
E13 8JZ,51.521632,0.023536
E13 0RY,51.532117,0.024607
E7 0AU,51.553888,0.019399
E6 5SD,51.514884,0.049079
E6 2ES,51.537505,0.064731
E16 3JT,51.514249,0.032851
E6 6BP,51.528129,0.061438
E6 3SA,51.521222,0.052766
E6 2RQ,51.531706,0.058529
E12 6SW,51.542861,0.048518
E15 1JE,51.547075,0.00241
E15 1UL,51.550693,0.002786
E15 3AE,51.525428,0.007804
E13 8DY,51.524754,0.017706
E15 3DE,51.527256,0.006601
E16 2HL,51.501709,0.051687
E16 4PP,51.517597,0.00818
E12 6DE,51.551361,0.056112
E16 2HJ,51.502181,0.051953
E6 3AR,51.530731,0.047916
E12 5PS,51.55086,0.056984
E6 5TG,51.512594,0.048904
E6 6ND,51.515606,0.067878
E6 3SD,51.521187,0.050674
E13 8SF,51.523203,0.031462
E15 1SY,51.552121,0.010796
E13 0NG,51.533836,0.019824
E6 5XU,51.517116,0.058721
E6 6WR,51.512675,0.064762
E7 9AG,51.547191,0.021338
E13 8AZ,51.527538,0.020021
E13 0AZ,51.525748,0.027308
E12 6HG,51.547984,0.058989
E13 0BU,51.528901,0.02233
E16 4DJ,51.518328,0.01797
E16 1LR,51.514369,0.015994
E6 6EE,51.530222,0.058
E16 3TJ,51.514314,0.039959
E15 3BE,51.532267,0.00486
E15 4NW,51.545858,0.009958
E15 3BP,51.528532,0.008185
E13 0QG,51.53505,0.026582
E15 4AU,51.538008,0.012525
E7 9QA,51.54072,0.025796
E12 6SG,51.540692,0.053281
E15 3DU,51.532329,0.011236
E6 5QR,51.511946,0.052493
E6 3NE,51.526762,0.050679
E13 8QT,51.523675,0.027562
E13 9BW,51.531734,0.034754
E13 0PF,51.532613,0.025523
E13 8BG,51.52865,0.022809
E6 3QU,51.523955,0.055411
E6 3JD,51.527476,0.044296
E6 2DW,51.538707,0.061815
E7 0PD,51.549739,0.027927
E6 5PY,51.511171,0.055686
E12 6PL,51.545449,0.051231
E6 5TT,51.515887,0.049283
E13 8DG,51.521712,0.018379
E6 5QT,51.511428,0.053853
E6 1AY,51.53823,0.040235
E13 0EX,51.52633,0.018093
E6 1LT,51.535868,0.04783
E6 1ER,51.536284,0.046147
E15 2RS,51.531911,-0.003258
E6 5QB,51.512355,0.057887
E6 5YW,51.517678,0.053832
E7 0NG,51.550532,0.026261
E6 1HQ,51.536054,0.043858
E15 4NR,51.546171,0.009005
E7 0NQ,51.55021,0.026203
E13 9EQ,51.529519,0.03183
E12 6HJ,51.547989,0.061268
E6 1JG,51.539637,0.05084
E13 8LJ,51.522455,0.024293
E13 8AS,51.526984,0.021366
E13 9HR,51.530566,0.027926
E16 1LA,51.510524,0.015809
E6 3LU,51.526962,0.054192
E6 5RE,51.51536,0.053194
E13 9QE,51.5263,0.037972
E15 2RJ,51.531372,-0.006425
E13 0DJ,51.530566,0.018569
E15 3HE,51.530479,0.011587
E13 8AT,51.526901,0.023539
E6 6EG,51.531524,0.057093
E12 5PE,51.551809,0.060345
E6 3QA,51.521559,0.05663
E12 5QQ,51.551606,0.061619
E13 0LH,51.531673,0.022698
E6 3NJ,51.525166,0.046312
E7 9PL,51.541504,0.023624
E15 3JZ,51.534145,0.005996
E15 4DG,51.541062,0.006992
E7 0LE,51.552652,0.028994
E7 0JL,51.553493,0.029768
E16 2JH,51.500626,0.061119
E6 1NP,51.533937,0.050757
E6 3RZ,51.520886,0.053471
E7 8JL,51.543172,0.028082
E16 4LA,51.524576,0.012869
E12 6RQ,51.545792,0.051131
E12 6UH,51.547049,0.04663
E6 3HQ,51.525862,0.042998
E7 9PN,51.540673,0.024366
E15 3AU,51.529472,0.006367
E16 3SG,51.513132,0.026186
E16 3SD,51.514875,0.030458
E6 2NF,51.536139,0.060574
E6 6AB,51.526398,0.059644
E16 3NS,51.513631,0.029076
E6 6DU,51.528394,0.058163
E12 6DS,51.549242,0.054906
E12 5LE,51.555388,0.05827
E15 1ED,51.550995,-0.001759
E7 0AY,51.553017,0.019837
E7 9NN,51.54204,0.024859
E16 2DT,51.50228,0.048845
E6 2PX,51.531838,0.064331
E7 0DJ,51.55371,0.025046
E13 0LT,51.53528,0.023709
E13 9BP,51.531988,0.034636
E12 6AD,51.547972,0.051416
E6 3DW,51.528696,0.042447
E16 3HU,51.512603,0.037505
E15 3BQ,51.530927,0.004902
E12 5PP,51.55256,0.055993
E6 3HG,51.52572,0.043439
E15 1DY,51.550548,-0.003495
E13 9DH,51.532911,0.033278
E6 2AB,51.539573,0.056043
E15 1ET,51.544526,0.005817
E7 9NE,51.543264,0.023255
E16 3RX,51.517136,0.041628
E16 2JF,51.501259,0.06243
E6 2NP,51.534954,0.062006
E15 1HG,51.547281,0.008246
E12 5LZ,51.553243,0.064722
E7 9AL,51.54689,0.013739
E16 3RY,51.515255,0.033977
E12 6EP,51.547058,0.056366
E13 9DA,51.531439,0.037221
E7 0JW,51.552108,0.030283
E16 3EG,51.512809,0.023015
E16 3QU,51.516956,0.021916
E16 1HU,51.512867,0.01182
E16 3LT,51.51446,0.035714
E6 3JJ,51.526317,0.044763
E6 3DB,51.529776,0.042871
E6 3HU,51.528499,0.048032
E12 6SU,51.541576,0.049009
E13 8LS,51.519861,0.026081
E7 8QA,51.544662,0.041705
E7 8JA,51.542757,0.029203
E16 1GF,51.515602,0.020631
E15 3HG,51.531939,0.013497
E6 3JZ,51.523354,0.042958
E13 0LW,51.532741,0.021246
E12 5BW,51.553688,0.043913
E13 0EG,51.524817,0.021313
E12 6NX,51.542022,0.055345
E13 8AQ,51.523704,0.023311
E13 9PR,51.529278,0.037427
E12 6BN,51.55205,0.048614
E16 3JP,51.513409,0.032006
E16 4PN,51.518498,0.010209
E7 9AP,51.548268,0.020924
E6 3LG,51.524374,0.042225
E16 3SU,51.517561,0.040436
E16 1QL,51.516444,0.017743
E6 1BJ,51.539049,0.04692
E12 5PN,51.551732,0.059057
E6 2DQ,51.53799,0.06223
E12 6TS,51.545119,0.043846
E7 8PR,51.539163,0.038316
E15 4QB,51.537628,0.003741
E6 6NH,51.516147,0.067268
E7 9JY,51.544281,0.02007
E7 9AN,51.547498,0.016563
E15 4AA,51.543224,0.014629
E13 8AL,51.523532,0.024918
E12 6AS,51.548808,0.051973
E6 5ND,51.51092,0.064365
E12 6SR,51.541553,0.047753
E12 6RB,51.544552,0.055705
E12 6BL,51.552332,0.048424
E13 0PU,51.53684,0.023461
E15 4AY,51.539185,0.012072
E13 9EW,51.530894,0.034457
E13 8ES,51.520637,0.017049
E7 9HN,51.543973,0.016581
E13 8DS,51.523052,0.020947
E6 6AW,51.52606,0.064574
E7 8HP,51.540918,0.030448
E16 1SG,51.504499,0.019419
E7 8PB,51.5399,0.03421
E6 1BU,51.537854,0.042742
E15 3LZ,51.532847,0.005131
E15 1DP,51.547934,-0.000985
E13 9ED,51.527955,0.030708
E12 6HB,51.548569,0.057919
E15 1EY,51.54576,0.006247
E15 3NF,51.532963,0.00466
E12 5AW,51.551557,0.049068
E12 6QR,51.546498,0.052403
E6 2AA,51.539578,0.055264
E6 1LU,51.535982,0.048988
E6 6WL,51.513783,0.062621
E6 5PN,51.512047,0.057008
E13 0LR,51.534134,0.02337
E16 4LE,51.522439,0.012141
E7 9LE,51.541716,0.018615
E6 5RW,51.514431,0.052316
E7 0HF,51.551173,0.020938
E7 9QB,51.539076,0.026256
E13 0PT,51.535386,0.025862
E7 0NU,51.55006,0.032745
E16 4QY,51.51975,0.005896
E15 3PW,51.534651,0.013746
E6 2DF,51.537576,0.055563
E13 9PT,51.526954,0.039155
E16 4DR,51.519394,0.018248
E16 3QT,51.514171,0.023868
E16 3LJ,51.517662,0.038812
E7 9AD,51.547455,0.023225
E7 8DR,51.54552,0.036292
E13 0JT,51.533238,0.016452
E13 9JY,51.527448,0.031968
E13 0JW,51.533615,0.019079
E16 1TJ,51.504417,0.021058
E16 3JY,51.51637,0.032917
E6 3JE,51.528138,0.046589
E6 2EP,51.536853,0.062971
E7 8DP,51.545313,0.03686
E12 6AJ,51.548933,0.052527
E12 5JD,51.553649,0.053879
E7 9NB,51.544282,0.02418
E6 6HA,51.525469,0.06188
E15 1PH,51.545846,0.002241
E6 1JL,51.537454,0.048679
E6 6FS,51.510506,0.068425
E13 8DL,51.522149,0.018586
E7 8NP,51.543452,0.036791
E12 6TY,51.545592,0.047141
E13 9JG,51.533236,0.033178
E6 5UF,51.517925,0.047443
E16 3SW,51.518067,0.041871
E6 5RR,51.513525,0.052232
E6 3BW,51.530063,0.044988
E6 6WZ,51.51278,0.063412
E13 0DQ,51.52864,0.0187
E7 0RB,51.548656,0.038524
E13 9LP,51.52843,0.035486
E16 2HZ,51.501604,0.057129
E15 1HJ,51.54831,0.00959
E15 3DJ,51.530599,0.007224
E6 2RG,51.531479,0.058144
E6 2SL,51.533073,0.061604
E13 9EF,51.529129,0.031971
E3 3JL,51.526637,-0.000865
E15 3DZ,51.53156,0.012009
E16 3RJ,51.51379,0.034964
E6 5QQ,51.511297,0.053127
E16 3AP,51.511062,0.024754
E6 3AF,51.530881,0.053258
E6 5RS,51.512842,0.052173
E12 5JN,51.553369,0.058064
E7 8HB,51.541342,0.034044
E6 6AG,51.525872,0.063484
E15 2RW,51.531782,-0.000423
E6 3AQ,51.53173,0.052517
E6 2SG,51.530838,0.061849
E7 8AR,51.54676,0.038453
E13 8LQ,51.52161,0.025813
E7 8EG,51.545339,0.032736
E16 3DT,51.511747,0.03088
E6 3BE,51.530659,0.047437
E13 9EG,51.529889,0.031197
E13 0QF,51.535232,0.028018
E7 9DJ,51.553322,0.01835
E7 9LB,51.542424,0.019815
E13 8RD,51.52647,0.024558
E7 9PG,51.540166,0.027141
E15 1HE,51.548472,0.008544
E6 3HF,51.524699,0.044215
E6 6AX,51.525031,0.066805
E12 5JE,51.554045,0.054877
E7 8HR,51.54097,0.03009
E15 1TZ,51.551431,0.002227
E7 8NG,51.540709,0.036842
E6 3ES,51.526387,0.041248
E6 5NG,51.510998,0.062495
E6 2LA,51.534452,0.056821
E6 2BA,51.542087,0.060353
E13 0HG,51.525214,0.01346
E16 3NG,51.512639,0.028211
E12 6BW,51.552829,0.05038
E13 0QD,51.536109,0.027264
E6 5UH,51.517669,0.047186
E6 3JP,51.527293,0.049622
E6 2BP,51.539544,0.064362
E15 4BE,51.539275,0.013648
E7 8AE,51.548531,0.040018
E12 6PA,51.542707,0.054785
E6 6HL,51.523372,0.058902
E16 3LR,51.515826,0.036294
E15 3BB,51.531924,0.005465
E6 3HD,51.524119,0.04292
E6 5YN,51.51662,0.053697
E12 6QY,51.546484,0.055258
E12 5JH,51.551341,0.057785
E7 8AT,51.546641,0.037496
E12 5QJ,51.550678,0.061722
E6 6BW,51.528065,0.061032
E12 6RF,51.544642,0.053156
E6 2PW,51.531672,0.065592
E7 8NN,51.541879,0.040384
E15 1LZ,51.54963,-0.000247
E15 4LN,51.542772,0.005856
E6 6DF,51.527409,0.062501
E12 6HL,51.54899,0.061588
E12 6NG,51.542927,0.052487
E12 5JF,51.554082,0.055297
E7 8ET,51.543925,0.039062
E6 3DJ,51.529439,0.046719
E13 8JT,51.518647,0.024024
E6 6AN,51.526046,0.063348
E6 5RP,51.513976,0.052627
E6 5NE,51.510004,0.05559
E6 5JW,51.517779,0.049613
E6 5PT,51.511387,0.056215
E6 5JZ,51.517475,0.050046
E13 9PZ,51.525471,0.035513
E16 1HR,51.511426,0.013514
E16 3AU,51.51062,0.027919
E13 0PZ,51.537208,0.023463
E13 8EL,51.520298,0.012724
E13 9HG,51.533806,0.034573
E13 9LN,51.527195,0.035157
E6 2AW,51.540704,0.061271
E6 2NQ,51.534815,0.059693
E6 6HD,51.525039,0.06176
E16 3AG,51.511179,0.02058
E15 1JL,51.547742,0.001257
E15 4RZ,51.53818,0.003548
E13 8AY,51.527236,0.021319
E6 5RN,51.51406,0.051982
E7 8PU,51.538934,0.034917
E16 3TP,51.515022,0.041692
E7 9PH,51.541027,0.026285
E7 8NL,51.542057,0.039945
E15 1ES,51.544564,0.00517
E16 1GJ,51.515391,0.02091
E6 3HE,51.524961,0.044154
E12 6NU,51.541243,0.05518
E6 1PF,51.53284,0.046151
E15 4RY,51.538588,0.003365
E13 0PB,51.532991,0.023463
E13 8RZ,51.520196,0.033231
E16 1HP,51.510446,0.014552
E12 6AT,51.548571,0.051631
E7 9JS,51.544083,0.021114
E15 3QJ,51.536993,0.013504
E15 1QX,51.549465,0.009381
E16 1UT,51.504583,0.02706
E13 8JG,51.521161,0.022694
E13 9BX,51.532975,0.035257
E13 0BH,51.529705,0.028349
E13 9EJ,51.529529,0.032292
E13 0SE,51.534188,0.027568
E7 0DA,51.552888,0.019009
E7 0QA,51.549013,0.032987
E6 2SH,51.530954,0.062936
E7 0PW,51.549573,0.031814
E12 6DQ,51.550653,0.056484
E15 3EP,51.535037,0.012768
E13 9AJ,51.53363,0.030182
E6 5XQ,51.517385,0.055202
E6 5TF,51.513067,0.04858
E15 4PW,51.536623,0.005758
E6 3NH,51.52603,0.047302
E7 8QT,51.540025,0.042003
E7 8NQ,51.540421,0.036858
E7 0AE,51.55317,0.020911
E13 0JD,51.532192,0.019751
E6 1LD,51.531945,0.046918
E6 1AD,51.53729,0.036401
E13 8RL,51.524776,0.030999
E13 8EX,51.52155,0.016268
E13 9AN,51.533687,0.031554
E16 4JJ,51.519165,0.011694
E13 8SR,51.523493,0.021485
E15 3NR,51.53631,0.003553
E13 8DR,51.522229,0.020723
E16 4AE,51.517656,0.020477
E16 4HX,51.522399,0.010856
E16 4PS,51.518243,0.009304
E15 4QD,51.537433,0.004107
E16 4LD,51.521478,0.012589
E13 8BP,51.523991,0.020729
E15 3DW,51.532554,0.008579
E13 0BT,51.529869,0.021436
E6 3JQ,51.527142,0.044411
E13 8BY,51.523094,0.019031
E13 8BU,51.523713,0.019664
E6 2DE,51.537258,0.053199
E6 3NG,51.5262,0.050971
E13 9PX,51.526111,0.036954
E13 8DD,51.523712,0.018684
E6 2RB,51.531125,0.060853
E13 8EJ,51.520092,0.013738
E12 6NQ,51.54269,0.052664
E16 3NL,51.513506,0.03057
E6 5UA,51.517529,0.047973
E12 6AQ,51.547786,0.05386
E7 8EF,51.545692,0.034713
E6 5TJ,51.515878,0.046212
E13 9NN,51.526001,0.033965
E15 3AR,51.529858,0.009008
E15 1JP,51.548843,0.000526
E13 8PJ,51.519697,0.030874
E6 2LN,51.533838,0.059504
E6 2RL,51.532545,0.058869
E6 5XT,51.516842,0.05894
E6 6HX,51.523874,0.061563
E6 2RY,51.53165,0.060703
E15 2PY,51.533443,-0.009247
E7 0HQ,51.551497,0.023534
E12 5HZ,51.553337,0.053187
E6 1HD,51.534652,0.045338
E15 1DD,51.54374,0.001298
E6 5QX,51.512448,0.054648
E16 3LY,51.516044,0.035151
E12 6NN,51.542529,0.057214
E15 4PS,51.536476,0.004872
E13 0RQ,51.537281,0.02808
E7 9QJ,51.538883,0.031151
E12 6AY,51.550715,0.04991
E7 8PG,51.540417,0.03915
E7 8QD,51.544081,0.04305
E13 9BZ,51.531198,0.036619
E13 9EB,51.52859,0.030923
E6 3RB,51.522917,0.054601
E6 6FY,51.508884,0.068121
E7 8QH,51.542574,0.042823
E6 5LZ,51.517208,0.05247
E15 3DR,51.532065,0.010402
E7 9DH,51.553009,0.018206
E13 8NW,51.519961,0.026561
E7 0HY,51.551257,0.023855
E16 4DH,51.519148,0.01841
E16 4RG,51.52055,0.005384
E13 8SD,51.518258,0.032439
E6 5TZ,51.518457,0.048389
E13 8PS,51.525211,0.027688
E15 1RW,51.547677,0.012937
E13 0EH,51.524558,0.015521
E16 2AS,51.50297,0.025173
E6 6WF,51.512486,0.064292
E6 1LG,51.533527,0.045418
E12 6AZ,51.548489,0.05017
E6 6WH,51.514151,0.06627
E6 6WJ,51.513142,0.066339
E13 8AU,51.52751,0.022687
E6 1QY,51.534964,0.03983
E6 3BY,51.530041,0.04369
E7 0NN,51.55116,0.032592
E16 3LL,51.517645,0.037211
E7 8AW,51.546921,0.03898
E16 3HA,51.511517,0.040483
E16 3HJ,51.512116,0.03708
E13 0JR,51.533049,0.017468
E13 0LP,51.533071,0.022443
E6 5TE,51.513625,0.048576
E6 5XP,51.517311,0.05788
E6 5YJ,51.519091,0.053275
E6 6WS,51.513696,0.066062
E6 5XY,51.5179,0.055038
E6 6WD,51.512507,0.069207
E6 5TP,51.515862,0.04663
E6 5RF,51.515273,0.054588
E16 1ES,51.516884,0.013582
E12 6EH,51.550884,0.052557
E16 1QA,51.516391,0.018187
E6 5YS,51.51937,0.048142
E6 1NT,51.533176,0.049526
E6 3PZ,51.522078,0.052703
E15 4RT,51.539463,0.001615
E6 1DH,51.540265,0.049902
E7 9NJ,51.542655,0.024699
E7 0NH,51.550662,0.029166
E12 6RA,51.545797,0.057001
E16 3NF,51.512662,0.031022
E15 1RA,51.549934,0.010325
E15 1SN,51.550562,0.010958
E6 6JA,51.524157,0.059241
E7 8NF,51.541035,0.036669
E6 5PD,51.513332,0.059098
E6 6FZ,51.508596,0.069174
E16 1TA,51.504363,0.022108
E13 0DP,51.529504,0.016028
E7 0EF,51.556132,0.023321
E7 9HQ,51.544499,0.017902
E13 0PR,51.534772,0.025517
E16 4DB,51.518059,0.016402
E16 1LW,51.513081,0.015634
E16 3TT,51.511944,0.04386
E6 3BX,51.530306,0.043976
E12 6QX,51.54609,0.055673
E16 2DN,51.502624,0.04765
E6 3HB,51.524171,0.04249
E13 0JN,51.533762,0.017355
E15 1HB,51.547527,0.00755
E7 0LU,51.552684,0.034924
E16 3LQ,51.516947,0.038535
E6 6EQ,51.531858,0.056517
E6 2SE,51.533107,0.061187
E15 3HF,51.531738,0.013719
E16 1PN,51.515194,0.024
E7 9RT,51.550241,0.014478
E6 2AR,51.541263,0.062219
E6 2DJ,51.537873,0.059643
E15 3PH,51.535584,0.012317
E13 8RT,51.523333,0.032261
E16 1PQ,51.513776,0.019643
E7 9RU,51.550886,0.01566
E16 3DJ,51.511048,0.032319
E13 8SA,51.519729,0.0337
E16 1NT,51.514761,0.016775
E6 6WU,51.514056,0.063988
E13 0DE,51.529077,0.018907
E6 3NL,51.525417,0.047894
E7 0ET,51.551885,0.022383
E7 8QB,51.544561,0.041283
E12 6JJ,51.54651,0.064533
E13 0NL,51.53375,0.021666
E13 9QF,51.525112,0.039591
E13 8QE,51.52532,0.028673
E6 1AX,51.538793,0.039972
E12 6UA,51.546182,0.046821
E13 9GY,51.530389,0.023088
E6 6NE,51.515517,0.068868
E15 4BS,51.536717,0.007594
E20 1GU,51.548958,-0.014195
E16 4PW,51.518496,0.009791
E6 3JL,51.526988,0.047042
E12 5NY,51.552616,0.065574
E6 2NW,51.534139,0.062834
E6 1HE,51.535269,0.044544
E16 1LG,51.509723,0.017907
E15 3BH,51.531057,0.005701
E12 5NX,51.55314,0.065453
E7 0PS,51.550044,0.035744
E6 3EQ,51.52669,0.039878
E6 3JB,51.527711,0.04422
E15 3QW,51.536777,0.0172
E7 0HE,51.551499,0.020765
E6 1DP,51.533929,0.037822
E6 5ZH,51.518799,0.052513
E13 8QS,51.523497,0.028016
E6 6DP,51.527004,0.058446
E13 0RJ,51.536247,0.029635
E7 8JG,51.544202,0.031964
E15 4AH,51.540453,0.012618
E16 3RS,51.515334,0.033548
E13 0BE,51.528026,0.025579
E13 8HX,51.520049,0.019863
E15 3DN,51.531673,0.009116
E6 1BS,51.537667,0.042128
E16 2RQ,51.501366,0.072722
E7 8QU,51.540265,0.044263
E7 0JS,51.555037,0.036155
E6 2EL,51.537331,0.055682
E12 6EU,51.546799,0.056311
E6 6DD,51.527612,0.063246
E6 3RU,51.521966,0.056533
E6 5PF,51.509453,0.058275
E6 2RX,51.531485,0.059341
E7 8NJ,51.541296,0.040819
E16 1LN,51.512484,0.016861
E7 9BH,51.549995,0.019371
E16 3DN,51.511146,0.02875
E16 1TU,51.504144,0.02387
E6 6HG,51.524188,0.063149
E7 8PA,51.54018,0.034165
E16 3DW,51.511537,0.028998
E6 2DU,51.538067,0.052701
E12 5JG,51.55393,0.057339
E7 8HW,51.541292,0.031705
E6 2PZ,51.532729,0.063261
E6 1JS,51.536727,0.050103
E7 9JH,51.546951,0.019626
E16 3DY,51.512674,0.034496
E15 2AD,51.55173,0.003668
E7 9LW,51.543001,0.025984
E7 9AR,51.547834,0.020559
E6 2NG,51.534767,0.059316
E6 3EW,51.527593,0.042225
E13 9BN,51.531441,0.035563
E12 6EA,51.552662,0.052695
E13 9NR,51.527664,0.036606
E7 8PT,51.539147,0.035618
E13 0DA,51.528455,0.020018
E7 0NP,51.551458,0.03461
E7 9PJ,51.541676,0.024093
E13 0QE,51.535049,0.027678
E12 6EW,51.547369,0.055053
E13 8BD,51.527968,0.021669
E6 6DG,51.526658,0.061761
E6 1AP,51.537645,0.036157
E16 3HY,51.510924,0.040456
E16 1TZ,51.505246,0.025115
E6 2SA,51.533704,0.061474
E13 8NE,51.517943,0.025693
E6 5YE,51.516199,0.056648
E12 6PT,51.544021,0.057253
E15 1RD,51.547924,0.012183
E16 2DD,51.503379,0.045119
E7 9BW,51.552337,0.017556
E6 3QX,51.523656,0.055499
E16 1QQ,51.516153,0.021564
E6 2DR,51.537811,0.055473
E6 3SW,51.520748,0.05162
E6 5UG,51.516972,0.046391
E15 3TR,51.528438,0.008974
E6 6AH,51.524943,0.064653
E6 5ZJ,51.518923,0.051077
E7 9JR,51.544824,0.021983
E6 3DX,51.529788,0.040117
E13 8DH,51.519878,0.01468
E6 5PU,51.511576,0.057722
E6 2SR,51.530881,0.063495
E13 9LB,51.529461,0.035172
E13 9AX,51.53311,0.036849
E15 3AN,51.524962,0.00503
E7 0LG,51.553006,0.031419
E6 5PW,51.512736,0.057183
E12 6RH,51.545906,0.049246
E13 8PB,51.519176,0.028256
E6 6JL,51.525498,0.0592
E6 3SX,51.521011,0.054544
E13 8HZ,51.521337,0.021865
E7 0JD,51.554111,0.027343
E6 6ZA,51.512543,0.06513
E16 1HZ,51.513154,0.012913
E16 3PG,51.516595,0.024596
E15 4DS,51.538614,0.008139
E12 5JP,51.554509,0.059716
E16 1ND,51.515136,0.022672
E6 5RZ,51.514633,0.0511
E15 4JU,51.5436,0.01368
E13 8JW,51.518787,0.023684
E13 8NT,51.519975,0.029373
E13 8JH,51.5211,0.022576
E13 0EJ,51.525524,0.02048
E15 3AG,51.524792,0.008669
E16 4NY,51.520983,0.008444
E7 0LF,51.55326,0.031272
E16 2DZ,51.502146,0.050323
E6 6BB,51.525764,0.068626
E7 0QB,51.548219,0.029518
E13 9AW,51.530014,0.030756
E15 1LH,51.549965,0.004874
E13 0AE,51.530396,0.019556
E15 1RQ,51.550319,0.01252
E15 4PL,51.541132,0.005524
E13 8DU,51.524023,0.017314
E16 2NJ,51.501111,0.069325
E13 8FP,51.522727,0.019462
E7 0DS,51.552864,0.024027
E13 9NP,51.526713,0.035943
E6 5QP,51.512048,0.053376
E16 3PL,51.511922,0.024432
E6 2EA,51.538953,0.059115
E15 4PE,51.540778,0.004124
E6 6ZE,51.51187,0.068588
E15 4LY,51.542797,0.008568
E6 1NU,51.533292,0.049055
E6 3LX,51.52746,0.054517
E7 9BQ,51.55014,0.018772
E6 6EJ,51.529724,0.056176
E7 9BP,51.551467,0.017417
E7 8JU,51.54096,0.031661
E12 6HQ,51.5479,0.060702
E13 0LD,51.532782,0.018364
E16 4RQ,51.51898,0.008846
E6 6BZ,51.527872,0.064829
E16 3EX,51.511661,0.038457
E13 9AY,51.534274,0.032474
E13 8EZ,51.522117,0.016783
E15 4QJ,51.54052,0.004992
E6 6DQ,51.527034,0.062859
E12 5DD,51.553754,0.045286
E16 1UA,51.503486,0.023423
E6 1BF,51.53829,0.042487
E13 8QB,51.523922,0.026305
E7 9LN,51.545172,0.025777
E15 1RR,51.549985,0.011567
E6 2DG,51.537589,0.059457
E13 8AP,51.526384,0.021729
E13 0HN,51.526397,0.018356
E16 4DN,51.519,0.017582
E7 9JT,51.543291,0.021713
E6 5XH,51.516731,0.054524
E6 2HA,51.537116,0.060287
E15 4LF,51.545048,0.013152
E16 4AN,51.518559,0.021786
E16 2LR,51.501715,0.064122
E12 6ER,51.547464,0.055793
E15 4NL,51.545467,0.007561
E12 6SX,51.540967,0.049371
E7 9DN,51.55179,0.019047
E15 1EE,51.548888,-0.001577
E6 1AU,51.538067,0.039824
E16 1TT,51.504445,0.022529
E7 0PN,51.549499,0.033989
E13 9EL,51.529434,0.033599
E13 0LU,51.53562,0.023796
E15 1TQ,51.550374,0.005642
E15 1AH,51.539303,-0.003209
E15 4EE,51.542345,0.00875
E6 3PR,51.522643,0.048635
E15 1BJ,51.544201,0.00276
E15 3DL,51.530447,0.00876
E13 8RW,51.523076,0.03101
E15 3JS,51.534863,0.010324
E16 1PA,51.515,0.01961
E12 5NZ,51.552076,0.065593
E15 1LR,51.550034,0.002396
E16 2NN,51.501843,0.05992
E13 9LR,51.528122,0.03615
E16 3QH,51.513266,0.023641
E6 6JB,51.524272,0.058871
E12 6ES,51.547201,0.056935
E13 0RE,51.535568,0.028898
E7 9NF,51.543493,0.024578
E13 0PY,51.534576,0.02486
E6 6ZF,51.511822,0.06932
E6 2DH,51.538232,0.062284
E7 9HW,51.543814,0.017468
E13 8LR,51.52003,0.025685
E15 1QY,51.54944,0.010317
E13 8FD,51.521781,0.022173
E13 8PE,51.51784,0.031137
E13 0RA,51.537574,0.028295
E7 9AF,51.546917,0.021571
E7 0JR,51.554553,0.032931
E16 3PU,51.514355,0.028316
E15 4QW,51.545794,0.012132
E15 1RH,51.551374,0.011831
E12 5DF,51.553673,0.046307
E6 5LH,51.518002,0.052304
E6 3PG,51.52279,0.057709
E16 1TW,51.50524,0.023386
E16 3TN,51.514101,0.040843
E6 5YU,51.519337,0.049481
E6 1QS,51.532768,0.043062
E16 3TD,51.515333,0.040826
E6 5XZ,51.517927,0.055529
E12 5PU,51.549579,0.057734
E16 3TG,51.515604,0.040248
E7 8AD,51.547997,0.037095
E6 5TL,51.515755,0.047057
E12 6RJ,51.546546,0.050213
E6 5RX,51.513794,0.051221
E12 5JJ,51.551471,0.058093
E16 3QR,51.514457,0.023939
E6 5QW,51.512221,0.054278
E13 9HU,51.530304,0.028534
E6 6AU,51.526224,0.065994
E16 3TU,51.510999,0.04389
E16 1PL,51.513434,0.018619
E16 3SQ,51.513578,0.025889
E7 8NW,51.541805,0.037943
E16 2NL,51.500273,0.065814
E16 1SX,51.50518,0.021654
E13 0QZ,51.537643,0.031067
E12 6AF,51.548324,0.055499
E6 6AZ,51.526639,0.067455
E16 2SE,51.500292,0.031811
E7 9AE,51.546514,0.021986
E12 6RD,51.54426,0.054927
E15 1LL,51.551125,0.003814
E15 4HR,51.537968,0.009105
E6 3RW,51.525825,0.056447
E12 5JB,51.554692,0.05544
E16 3GZ,51.512132,0.028909
E12 6JN,51.548581,0.063891
E6 2AE,51.539882,0.056907
E15 4BD,51.539088,0.011419
E16 3SJ,51.514778,0.030857
E16 2JR,51.501822,0.053406
E15 3QY,51.536713,0.020384
E15 1QL,51.546108,0.001099
E15 4EX,51.541845,0.008007
E16 4QJ,51.517076,0.009195
E15 4LG,51.544579,0.013723
E16 1TN,51.505265,0.022984
E15 1QA,51.546564,0.000239
E13 9BU,51.532631,0.034895
E15 4ND,51.544312,0.010985
E15 2RY,51.532507,-0.005525
E6 1AJ,51.537653,0.035667
E7 0EZ,51.553977,0.024668
E6 6AR,51.526916,0.064959
E6 2NB,51.53585,0.055558
E12 6QZ,51.545593,0.056357
E6 5QH,51.510944,0.053255
E13 0SD,51.531947,0.026618
E16 3SF,51.512093,0.028057
E6 3QS,51.523798,0.053545
E13 8SG,51.520069,0.031726
E16 2RJ,51.50107,0.070649
E6 6WA,51.512614,0.069241
E13 8HR,51.520146,0.018454
E13 8HJ,51.522831,0.024397
E16 4LL,51.523665,0.011979
E6 2EN,51.537068,0.0558
E15 4LP,51.542979,0.007408
E12 6PR,51.544925,0.05751
E16 3NE,51.51229,0.03017
E6 6HS,51.521907,0.061417
E15 3AH,51.525233,0.008674
E6 1JJ,51.537537,0.049058
E16 3JX,51.515266,0.032824
E16 1NX,51.51512,0.018909
E6 6DA,51.52765,0.063651
E6 6BY,51.528073,0.065141
E6 5XN,51.517347,0.054292
E12 6PW,51.545733,0.055556
E6 2RZ,51.531359,0.060344
E6 6BT,51.528521,0.061658
E13 9PN,51.529358,0.036912
E16 3LX,51.515829,0.033527
E6 1NW,51.533444,0.05271
E16 3QA,51.510612,0.019013
E7 0LN,51.553714,0.031047
E12 5LJ,51.555233,0.057354
E15 1JR,51.547306,0.005233
E13 0QU,51.537993,0.032683
E6 3HZ,51.528247,0.043912
E13 9ND,51.52617,0.031998
E7 0PP,51.549824,0.033917
E7 8JQ,51.542946,0.032269
E16 3TH,51.514954,0.040391
E13 8PF,51.517535,0.031066
E12 6PB,51.543402,0.054614
E7 8LT,51.541649,0.037562
E6 5SH,51.514772,0.047244
E15 4HH,51.540187,0.011323
E6 3NB,51.526555,0.048637
E16 2NX,51.500497,0.069974
E13 9AQ,51.533023,0.029419
E16 1LP,51.513901,0.017068
E16 1TY,51.505289,0.024714
E16 4NE,51.521587,0.009941
E6 5UD,51.518627,0.048959
E15 1SG,51.54735,0.006865
E15 2FS,51.534775,-0.004012
E13 0NZ,51.533523,0.020762
E13 0LJ,51.532697,0.020177
E6 6AY,51.525895,0.066816
E6 5SB,51.514445,0.049492
E15 3JN,51.533975,0.009117
E6 1NH,51.534028,0.051208
E13 9JX,51.526681,0.031084
E16 4AW,51.518793,0.021767
E6 6EP,51.526419,0.06459
E20 1DA,51.547119,-0.004381
E13 9PY,51.525809,0.036768
E12 6QS,51.547209,0.052363
E6 3AW,51.530851,0.048772
E15 4SS,51.545933,0.013956
E16 3JH,51.513581,0.031423
E16 4PZ,51.519761,0.011518
E13 0AP,51.529175,0.025168
E6 5SA,51.513988,0.050956
E6 5XB,51.517136,0.048863
E13 0EW,51.525298,0.020023
E13 0ET,51.525094,0.019336
E7 9AB,51.548682,0.023524
E13 0LZ,51.534235,0.022235
E6 2JA,51.538987,0.051517
E16 1SQ,51.505217,0.019523
E6 5TX,51.515411,0.049247
E6 1EN,51.534726,0.046783
E16 3RA,51.513455,0.022612
E16 3PP,51.515382,0.025046
E15 3HY,51.536241,0.011207
E15 4BT,51.542002,0.005634
E7 9RR,51.551317,0.015679
E6 3PE,51.524768,0.058288
E12 5AZ,51.550611,0.041943
E13 9EX,51.529069,0.033929
E16 2TJ,51.499414,0.029539
E13 8AA,51.528994,0.023718
E13 8BT,51.523492,0.019957
E7 9JF,51.545377,0.017003
E7 8JY,51.539978,0.031272
E12 5DB,51.554666,0.045082
E13 9JA,51.532417,0.029623
E7 8PP,51.538517,0.041344
E6 5YF,51.516044,0.057289
E16 2JZ,51.501718,0.058358
E16 3UD,51.515208,0.039264
E7 8NR,51.543711,0.03637
E13 0ER,51.525888,0.020251
E6 1DS,51.534792,0.039389
E6 5NA,51.509461,0.062959
E7 8BL,51.546024,0.025368
E13 0DN,51.530467,0.01757
E13 0DL,51.530365,0.017176
E7 0NT,51.550373,0.035961
E15 3JD,51.535492,0.007208
E13 8NN,51.520616,0.026634
E16 4AH,51.518335,0.021747
E16 1SU,51.505169,0.021265
E7 8BZ,51.545632,0.031422
E6 6NN,51.508768,0.067539
IG11 0YY,51.522408,0.121091
E16 4DP,51.519998,0.019197
E15 3JW,51.534317,0.009103
E15 4JW,51.545459,0.011743
E13 0PS,51.536547,0.025293
E13 0SA,51.531774,0.026249
E6 5SG,51.515071,0.047618
E7 0AD,51.553025,0.021453
E6 5ST,51.514888,0.044712
E13 9HY,51.530998,0.031564
E15 1NA,51.549999,0.001818
E7 9HJ,51.54631,0.022381
E15 4AW,51.538139,0.011737
E12 5PB,51.553434,0.05948
E15 4AG,51.54156,0.013619
E7 0ND,51.549949,0.038653
E6 6WN,51.513099,0.06677
E13 9JB,51.534219,0.033005
E6 6HR,51.52309,0.06111
E7 8BA,51.547516,0.024929
E13 8DF,51.522037,0.01724
E15 4DY,51.536462,0.007784
E6 1QH,51.533423,0.042616
E13 9NE,51.524633,0.037148
E6 5RG,51.514787,0.054119
E7 9RS,51.550737,0.014904
E15 1SW,51.550445,0.011501
E16 1QG,51.515729,0.021617
E15 3LJ,51.534413,0.008199
E15 1NP,51.546286,0.003876
E7 0DY,51.553935,0.021349
E15 2RN,51.531688,-0.003902
E15 2RP,51.532081,-0.004246
E6 6WW,51.513955,0.063609
E15 3QX,51.536363,0.021363
E16 3LB,51.517036,0.036506
E6 6HW,51.523208,0.06002
E6 5SL,51.513848,0.046583
E15 3JG,51.533561,0.00757
E7 0EH,51.553447,0.024645
E12 6JG,51.545865,0.064417
E15 1RF,51.548138,0.012842
E7 9FJ,51.540739,0.023158
E6 6JH,51.525682,0.059497
E13 0TA,51.530074,0.015303
E20 1LG,51.55008,-0.011377
E20 1FU,51.550227,-0.012135
E13 8RA,51.528749,0.024327
E15 4AP,51.538006,0.012106
E15 4LB,51.544546,0.013044
E16 2RT,51.50085,0.071863
E16 1UE,51.503069,0.024097
E13 8LU,51.518006,0.025206
E16 1UB,51.5044,0.026216
E13 0ED,51.529779,0.014151
E15 1JY,51.548404,0.001474
E6 2NU,51.534236,0.06294
E6 1NZ,51.53317,0.050895
E16 3HT,51.511639,0.036064
E15 1HA,51.547169,0.010087
E6 6AQ,51.525584,0.063529
E13 8JA,51.521512,0.023156
E13 8EW,51.520497,0.014765
E15 2LP,51.530156,-0.008453
E15 2LD,51.529893,-0.008306
E15 1LP,51.550627,0.004542
E16 1SA,51.504546,0.019854
E20 1LR,51.550428,-0.010164
E15 3QH,51.536118,0.011605
E7 0BF,51.555345,0.024585
E6 1ET,51.536679,0.044607
E13 8FH,51.522295,0.021029
E16 3EZ,51.512009,0.038055
E20 1LQ,51.550243,-0.010908
E7 9FD,51.548939,0.022714
E6 1EL,51.534783,0.036303
E16 3NU,51.514185,0.026694
E13 9NZ,51.526198,0.030399
E16 3PF,51.514696,0.026255
E15 4NH,51.544822,0.008513
E12 6LR,51.545448,0.06
E7 9FS,51.543176,0.016891
E16 3PX,51.514598,0.027736
E7 9FA,51.546886,0.02444
E20 3AX,51.545392,-0.020826
E7 8LJ,51.540078,0.032761
E16 1SB,51.504382,0.020466
E20 3AZ,51.545372,-0.020149
E16 2ZF,51.49898,0.0642
E7 9JJ,51.546879,0.019103
E6 5YX,51.5188,0.055006
E7 0HA,51.553037,0.025492
E13 8DT,51.523053,0.021941
E6 3RD,51.522326,0.05394
E6 5YA,51.51589,0.053766
E16 1NL,51.514669,0.018457
E7 9QR,51.537906,0.029925
E7 9LQ,51.541201,0.021938
E16 1JQ,51.513998,0.011942
E6 3NT,51.526348,0.049161
E7 8BH,51.545632,0.028841
E6 5UE,51.518059,0.049034
E16 3EA,51.513498,0.033091
E16 1PD,51.514577,0.021162
E13 8EQ,51.520468,0.018007
E6 6WY,51.513437,0.062879
E16 3AY,51.511425,0.026615
E7 0LL,51.553889,0.032367
E7 8AF,51.54821,0.040364
E15 4QE,51.538022,0.003859
E15 4PZ,51.537277,0.004821
E13 9HL,51.530214,0.025431
E16 2AR,51.503893,0.024839
E6 5SP,51.513908,0.045749
E12 6EQ,51.547252,0.054557
E12 6QA,51.544217,0.0538
E7 9DQ,51.552452,0.018182
E16 3HR,51.512602,0.03811
E16 2NG,51.501167,0.068679
E13 9PQ,51.52819,0.038965
E13 0HF,51.524799,0.011957
E7 9PR,51.54075,0.023057
E15 4SU,51.54529,0.014735
E12 5PL,51.550521,0.058368
E6 5SU,51.514996,0.046259
E6 2AD,51.539744,0.056569
E16 4BD,51.519794,0.022676
E16 2BL,51.503666,0.027552
E16 3QB,51.511613,0.020945
E16 3QL,51.513406,0.024382
E15 4JX,51.543794,0.014409
E7 0BB,51.551586,0.025629
E16 4AL,51.518521,0.019838
E7 9PU,51.538786,0.021153
E13 9GX,51.52757,0.031123
E12 6SA,51.542422,0.050489
E15 1JS,51.548601,-0.002181
E15 1QZ,51.548814,0.012208
E15 3JT,51.535544,0.009907
E15 1BG,51.542589,0.000252
E16 2XP,51.506524,0.07751
E16 2DX,51.502046,0.049886
E7 8EL,51.539655,0.037934
E15 4NP,51.546299,0.010439
E6 3SH,51.520643,0.047334
E13 0HE,51.524821,0.016931
E15 3LN,51.535052,0.002402
E7 8EB,51.546667,0.036012
E6 6JN,51.524978,0.059133
E6 2RT,51.53331,0.058313
E6 1DZ,51.534947,0.037738
E6 2BS,51.539622,0.061438
E16 2PH,51.500466,0.029586
E15 4FB,51.537895,0.003392
E16 2FY,51.501619,0.055285
E6 3PH,51.522108,0.054535
E13 9HN,51.529715,0.025134
E16 2PQ,51.500375,0.030115
E16 1NS,51.514165,0.017426
E16 2PF,51.50097,0.030574
E6 5RL,51.512823,0.049679
E6 5YP,51.518768,0.055812
E16 4NH,51.521471,0.007284
E16 3LF,51.516269,0.038721
E16 4NZ,51.521497,0.006766
E6 1EW,51.53439,0.046451
E16 3LN,51.51788,0.037135
E15 2AG,51.552041,0.004922
E7 8JT,51.541721,0.032416
E7 8BS,51.546766,0.031386
E12 5LH,51.555849,0.062229
E6 6FB,51.528105,0.061826
E6 6FA,51.527654,0.062383
E15 3JL,51.533374,0.009581
E12 6BB,51.549366,0.049344
E15 4LQ,51.545838,0.012668
E13 9BB,51.53094,0.022435
E12 6PQ,51.543851,0.049529
E13 8FA,51.524895,0.031898
E6 1QU,51.531326,0.043214
E15 1FA,51.544676,0.006502
E15 1FE,51.550668,0.006852
E13 0QB,51.536388,0.026728
E15 4BZ,51.542097,0.006388
E16 3AT,51.510653,0.026552
E6 1AE,51.537003,0.036345
E16 2GY,51.506343,0.076032
E16 2GX,51.506595,0.075496
E16 2GW,51.506453,0.074928
E7 9HZ,51.545909,0.022695
E15 1JA,51.546879,0.005503
E6 5AA,51.512896,0.06039
E6 3BA,51.532435,0.051799
E16 4BP,51.520386,0.011791
E16 4BQ,51.519484,0.015095
E7 0LS,51.552469,0.033876
E15 4SZ,51.545655,0.013929
E16 4AT,51.519011,0.020653
E16 4BA,51.519854,0.021252
E13 0HH,51.52537,0.017936
E6 1NR,51.533994,0.047991
E6 6EN,51.531475,0.055764
E16 1GU,51.515453,0.011055
E6 6NZ,51.515192,0.064847
E15 4PF,51.540848,0.004762
E16 1PH,51.515315,0.023213
E6 2BF,51.534565,0.054476
E15 4AQ,51.541008,0.013825
E16 3AE,51.510924,0.020727
E7 9LF,51.541144,0.019484
E15 3AB,51.526411,0.006059
E6 5TH,51.515859,0.047826
E6 3PL,51.521371,0.056073
E7 9AS,51.548069,0.022041
E16 4JP,51.521389,0.013089
E16 3ST,51.517833,0.039324
E6 5SR,51.513971,0.045709
E12 5JT,51.554382,0.057691
E13 0QT,51.537492,0.03305
E7 9PB,51.543298,0.026487
E15 3AQ,51.52444,0.009793
E13 9DR,51.531225,0.033506
E6 6HT,51.522201,0.062583
E16 4HN,51.519083,0.012757
E12 6PG,51.545015,0.049279
E16 4AP,51.518751,0.020065
E6 1NQ,51.534636,0.049865
E6 3BP,51.530494,0.040365
E16 2XW,51.506143,0.077205
E7 8AA,51.546875,0.02767
E16 2NW,51.499551,0.069542
E13 8FG,51.526107,0.022668
E6 5QY,51.512676,0.06064
E6 3PY,51.52246,0.053456
E16 1QB,51.515733,0.018288
E16 4AX,51.519253,0.02222
E6 1EJ,51.535169,0.051821
E15 1LY,51.549111,-0.002534
E15 4PH,51.539482,0.004168
E15 3QE,51.535613,0.02107
E15 4PB,51.539061,0.005173
E7 0PX,51.549236,0.037756
E6 1EH,51.53423,0.039134
E6 3HR,51.528082,0.050263
E16 1SH,51.505222,0.018702
E15 3JF,51.533024,0.006869
E16 3QW,51.511883,0.022528
E6 2BG,51.537138,0.054376
E16 3AB,51.51018,0.020593
E6 1HZ,51.536226,0.052056
E6 3LW,51.52705,0.05323
E6 5QL,51.51061,0.052303
E15 4FA,51.546542,0.013593
E16 1PS,51.514205,0.019806
E13 9AE,51.531432,0.024706
E6 5TN,51.516032,0.047675
E15 2PS,51.531061,-0.012494
E6 6WQ,51.513507,0.067581
E7 9QQ,51.53925,0.029667
E6 5TW,51.515463,0.047851
E13 9HD,51.527351,0.029239
E16 3LE,51.516116,0.037215
E12 5AN,51.552116,0.05104
E16 2JP,51.502007,0.052637
E6 6WT,51.513971,0.065757
E16 3SA,51.511651,0.026019
E15 4DZ,51.536952,0.007013
E16 2SU,51.498921,0.02737
E16 2SX,51.498842,0.026747
E16 1UD,51.503291,0.023242
E13 8EY,51.521378,0.015842
E13 8QQ,51.523348,0.030344
E6 6WG,51.512582,0.068029
E16 3BD,51.511461,0.023489
E6 6NU,51.515738,0.066514
E6 6NY,51.515024,0.063671
E16 1NU,51.515465,0.017671
E16 2PW,51.499738,0.028487
E16 1AN,51.512819,0.01359
E16 2SG,51.499561,0.029891
E13 8FE,51.523685,0.02491
E16 2SH,51.499007,0.029161
E6 6BU,51.52872,0.06419
E16 3QJ,51.511386,0.018456
E16 3HE,51.510831,0.038593
E13 0BF,51.528116,0.027659
E13 0JH,51.531774,0.018435
E13 8HL,51.521147,0.020848
E12 6UL,51.548698,0.04542
E12 6UJ,51.548214,0.047865
E15 1NS,51.544062,0.004052
E13 9DN,51.528704,0.032154
E13 9DJ,51.528456,0.031927
E16 1TL,51.503627,0.022018
E13 8AD,51.526542,0.023004
E13 9HH,51.529542,0.024766
E16 1AR,51.507565,0.021529
E6 1NN,51.533742,0.05317
E7 9HY,51.544857,0.017961
E6 5RA,51.512289,0.059642
E16 2PL,51.500194,0.029703
E15 1FX,51.547348,-0.003534
E7 8HU,51.542111,0.029636
E16 2NZ,51.501017,0.030994
